kayac_city_name_list,dfw_city_mapped
Aigues-Mortes,Aigues Mortes
Aiguines,Gorges du Verdon
Aix-en-Provence,Aix en Provence
Allemagne-en-Provence,Gorges du Verdon
Amiens,Amiens
Annecy,Annecy
Ascou,Ariege
Aston,Ariege
Aulos,Ariege
Aulus-les-Bains,Ariege
Avignon,Avignon
Ax-les-Thermes,Ariege
Bauduen,Gorges du Verdon
Bayeux,Bayeux
Bayonne,Bayonne
Besançon,Besancon
Biarritz,Biarritz
Bormes-les-Mimosas,Bormes les Mimosas
Carcassonne,Carcassonne
Cassis,Cassis
Castellane,Gorges du Verdon
Collioure,Collioure
Colmar,Colmar
Dijon,Dijon
Eguisheim,Eguisheim
Fougax-et-Barrineuf,Ariege
Grenoble,Grenoble
Gréoux-les-Bains,Gorges du Verdon
Ignaux,Ariege
La Martre,Ariege
La Palud-sur-Verdon,Ariege
La Rochelle,La Rochelle
Lasserre,Toulouse
Le Havre,Le Havre
Le Mont-Saint-Michel,Mont Saint Michel
Les Cabannes,Ariege
Les Saintes-Maries-de-la-Mer,Saintes Maries de la mer
Lille,Lille
Lorp Sentaraille,Ariege
Lyon,Lyon
Léran,Ariege
Marseille,Marseille
Mirepoix,Ariege
Moissac-Bellevue,Gorges du Verdon
Montagnac,Collioure
Montauban,Montauban
Moustiers-Sainte-Marie,Gorges du Verdon
Nîmes,Nimes
Orschwiller,Chateau du Haut Koenigsbourg
Paris,Paris
Riez,Gorges du Verdon
Rouen,Rouen
Saint-Girons,Ariege
Saint-Malo,St Malo
Saint-Martin-de-Brômes,Gorges du Verdon
Sainte-Croix-de-Verdon,Gorges du Verdon
Saverdun,Ariege
Strasbourg,Strasbourg
Tarascon-sur-Ariège,Ariege
Tignac,Ariege
Toulouse,Toulouse
Uzès,Uzes
Varilhes,Ariege
Vicdessos,Ariege
